394948098597262437,2019-04-01 11:18:33,苹果iphone6s xs 7 8至11.2网络维修香港美区隐藏id清除访问限制,5.00
390106049119262437,2019-03-27 12:15:08,iPhone xs max手机壳苹果x液态硅胶xsmax新款iphonex全包i9防摔8X磨砂iphonexr软壳潮,31.00
386400225804262437,2019-03-23 11:54:08,Python3网络爬虫Python爬虫开发与项目实战案例视频教程Python3.6,13.90
383055042617262437,2019-03-19 15:00:01,全自动充值 江苏移动10元手机话费充值,9.98
379609250701262437,2019-03-15 21:28:46,江苏移动话费充值10元快充 手机话费充值 自动充值  即时到帐,9.98
377285410639262437,2019-03-13 12:30:30,现货 Carhartt K288 Logo Sleeve Hoodie 卡哈特主线工装帽衫卫衣,335.00
375447488610262437,2019-03-12 08:37:30,江苏移动10元 快充 手机话费充值卡 自动发货,10.00
374765539122262437,2019-03-10 19:35:36,steam中文正版 隐形守护者 完整版 The Invisible Guardian 终章,51.81
370601027674262437,2019-03-07 19:01:01,《惊奇队长》中影环球4K激光全景声巨幕影城电影票,59.80
368103170889262437,2019-03-06 11:05:06,第一卫iPhoneX钢化膜苹果XsMax手机贴膜全屏覆盖iPhoneXmax背膜iPhoneXR蓝光XS前后xs m,29.00
367843905041262437,2019-03-06 10:23:02,Netflix 奈飞 4K UHD 高级后期体验,9.71
362986113517262437,2019-03-01 22:14:01,【自动发货】网易云音乐会员一个月普通音乐包一个月礼品卡,6.99
361359234703262437,2019-02-28 13:38:27,江苏移动话费充值10元快充 手机话费充值 自动充值  即时到帐,9.98
359574979498262437,2019-02-26 18:43:18,【2019年6月新试卷】星火英语六级真题试卷备考2019年6月大学六级英语通关历年真题详解词汇阅读理解听力口语写作翻,37.80
355018402436262437,2019-02-22 21:21:36,江苏移动20元充值 快充 即时到帐 闪电充值 秒冲快冲,20.00
353422786586262437,2019-02-21 13:56:17,倔强工作室春季新款纯色拼接长裤男运动抽绳束脚裤潮流宽松休闲裤,124.00
351757090812262437,2019-02-19 22:53:34,炉石 传说激活码帐号金币账号出售2000 3000 5000 8000粉尘账号,2.00
350711970680262437,2019-02-18 19:23:50,抹茶故事工装棉服男中长款2018新款棉衣韩版潮流棉袄ins冬季外套,358.00
350628130051262437,2019-02-18 17:32:33,江苏 移动 手机充值 10元  快充直充 24小时自动充 快速到账,9.98
346336417894262437,2019-02-13 21:04:15,苹果6钢化膜iPhone6plus全屏6s手机膜6splus全包边6SP防摔蓝光6P刚化i6六mo屏保ip玻璃女6护,12.80
344689793668262437,2019-02-11 21:05:47,俳巴-=---,0.50
344406849964262437,2019-02-11 14:43:38,苹果x手机壳iPhonex保护套i软XsMax超薄磨砂xr全包防摔iPhone Xs Max女xs硅胶潮牌iphon,28.00
343819875864262437,2019-02-09 18:38:29,官方超快充&mdash;江苏移动20元手机话费充值,20.00
342265761125262437,2019-02-06 18:23:13,《流浪地球》红石国际影城（泗阳店）电影票,86.00
341666561690262437,2019-02-04 20:50:37,苹果台湾id日本韩国香港加拿大英国澳洲中国号玩偶下载海,2.00
341356545665262437,2019-02-04 01:34:21,Netflix 奈飞 4K UHD 高级后期体验,12.80
341077601191262437,2019-02-03 12:17:58,【超大容量】苹果6电池iphone6大容量6s手机6plus正品6sp换7p六5s正版4s电板5c七5,85.00
340437632277262437,2019-02-02 13:49:24,俳巴-=---,0.50
340704995066262437,2019-02-01 14:48:47,官方直营《守望先锋》数字畅玩版账号直充 暴雪游戏战网国服,38.00
340456547858262437,2019-01-31 23:19:12,官方超快充&mdash;江苏移动20元手机话费充值,20.00
339630914595262437,2019-01-30 12:28:34,下载 代下载 积分下载 代下 咨询在线人工放心下载 适用csdn,1.00
339597955264262437,2019-01-29 17:02:44,20q币腾讯20Q币/20qb/20qq币/20QB/20个Q币20元直充★自动充值,18.59
339058305409262437,2019-01-29 11:39:28,炉石 传说金币2000 3000 18000金币竞技场账号橙卡卡组激活码出售,2.00
338902882661262437,2019-01-28 17:19:30,芭-==---=,0.01
337634785344262437,2019-01-26 19:44:51,台式机笔记本通用防水防尘家用外接usb键盘电脑游戏办公有线巧克力键盘薄膜黑色白色电脑健盘手感舒适声音小,39.00
337314592280262437,2019-01-26 18:13:16,儿童防撞角防磕碰防撞条安全保护角宝宝桌角套窗户包桌子茶几直角,7.90
336609697871262437,2019-01-25 12:18:52,苹果6手机壳iphone6新款6plus保护套6S液态硅胶6全包防摔潮牌苹果6splus网红超薄男女款ins磨砂软壳,35.00
336587010477262437,2019-01-25 08:14:44,江苏 移动 手机充值 20元  快充直充 24小时自动充 快速到账,19.96
336068002473262437,2019-01-24 14:27:58,简易电脑桌台式桌家用写字台书桌简约现代钢木办公桌子双人桌,168.00
336260163292262437,2019-01-24 12:59:49,耳机收纳包数据线充电器盒子零钱包U盘U盾防震大小迷你便携蓝牙耳机袋西数移动硬盘包数码内存卡保护套收纳盒,7.80
335669761332262437,2019-01-24 09:14:04,csdn csdn下载 csdn代下载  csdn积分下载  csdn积分c币,1.98
334981377208262437,2019-01-23 11:57:53,即将涨价 高教版 2019年全国计算机等级考试二级教程 Python语言程序设计 高等教育出版社 Python程序设,31.80
334716929530262437,2019-01-23 00:14:24,iPhone xs max手机壳苹果x液态硅胶xsmax新款iphonexr全包i9防摔8X磨砂XsMax软壳潮牌X,31.00
334112194087262437,2019-01-22 09:06:45,钯=【】&lsquo;-&rsquo;,0.01
329497795962262437,2019-01-16 23:44:55,江苏 移动 手机充值 10元  快充直充 24小时自动充 快速到账,9.98
328766435364262437,2019-01-16 11:52:53,手机号通讯录匹配 ，文件免验证，网站注册通知，短信扫描仪,1.00
327613856889262437,2019-01-15 21:06:42,paperpass论文查重 检测本科硕士博士专科毕业论文重复率官网系统,1.80
327026624325262437,2019-01-15 11:18:11,paperpass论文查重 检测本科硕士博士专科毕业论文重复率官网系统,1.80
327304994683262437,2019-01-15 09:27:01,paperpass论文查重 检测本科硕士博士专科毕业论文重复率官网系统,1.80
326132131356262437,2019-01-13 21:22:09,江苏 移动 手机充值 20元  快充直充 24小时自动充 快速到账,19.96
321177538182262437,2019-01-09 12:08:10,吹风机家用理发店大小功率发廊电吹风筒负离子宿舍寝室男女不伤发,26.90
315672929625262437,2019-01-03 23:20:23,官方超快充&mdash;江苏移动30元话费充值,30.00
316032451867262437,2019-01-03 21:51:41,迅游加速 器国际版普通版通用VIP 迅游卡3天 迅游 VIP3天 通用,2.99
312571329395262437,2019-01-01 10:20:24,《蜘蛛侠：平行宇宙》幸福蓝海国际影城（泗阳中央店）电影票,69.00
310534850474262437,2018-12-29 23:49:51,江苏 移动 手机充值 10元  快充直充 24小时自动充 快速到账,9.98
307631968025262437,2018-12-27 10:01:26,NU=【,0.01
307288417626262437,2018-12-26 16:21:41,pdf转word编辑软件图片转word转ppt excel pdf转换器修改合并压缩,10.00
307283713887262437,2018-12-26 16:18:00,PDF转换器转WordExcelPPTJPG不需会员编辑器去水印永久免费非迅捷,5.00
